model,context_length,horizon,period,window_idx,mae,rmse,mase,inference_seconds,timestamp
SeasonalNaive,24,24,summer_2023,0,4255.458333333333,4751.927288830641,0.9648989805257749,2.6999972760677338e-05,2026-02-06T11:33:18.779149
SeasonalNaive,24,24,summer_2023,1,3921.0416666666665,4383.653275712698,0.8890720600246552,1.190020702779293e-05,2026-02-06T11:33:18.779149
SeasonalNaive,24,24,summer_2023,2,3210.1666666666665,4274.213660624217,0.7278855299138147,9.899958968162537e-06,2026-02-06T11:33:18.779149
SeasonalNaive,24,24,summer_2023,3,2760.0,3182.661412507882,0.6258130094684997,9.09995287656784e-06,2026-02-06T11:33:18.779149
SeasonalNaive,24,24,summer_2023,4,3353.5416666666665,3680.484495959737,0.7603949285487952,9.100185707211494e-06,2026-02-06T11:33:18.779149
SeasonalNaive,24,24,summer_2023,5,2861.3333333333335,3998.8868346912077,0.6487897189948794,9.00006853044033e-06,2026-02-06T11:33:18.779149
SeasonalNaive,24,24,summer_2023,6,3609.9166666666665,3993.0584038637185,0.8185263815569425,8.799834176898003e-06,2026-02-06T11:33:18.779149
SeasonalNaive,24,24,summer_2023,7,1967.625,2225.6003403576306,0.4461468560708176,8.499948307871819e-06,2026-02-06T11:33:18.779149
SeasonalNaive,24,24,summer_2023,8,1875.7083333333333,2134.9534245505215,0.4253053177422018,8.600065484642982e-06,2026-02-06T11:33:18.779149
SeasonalNaive,24,24,summer_2023,9,3136.7083333333335,4221.755119812928,0.7112293050392229,8.700182661414146e-06,2026-02-06T11:33:18.779149
SeasonalNaive,24,24,winter_2022,0,3171.25,3407.594716218465,0.7190614153177463,1.0999850928783417e-05,2026-02-06T11:33:18.779149
SeasonalNaive,24,24,winter_2022,1,2722.0,3178.05728131721,0.6171967433961073,9.600073099136353e-06,2026-02-06T11:33:18.779149
SeasonalNaive,24,24,winter_2022,2,3117.3333333333335,3394.4402459512135,0.7068361430615229,9.399838745594025e-06,2026-02-06T11:33:18.779149
SeasonalNaive,24,24,winter_2022,3,1007.75,1123.3675563530694,0.228501108801406,9.100185707211494e-06,2026-02-06T11:33:18.779149
SeasonalNaive,24,24,winter_2022,4,1790.7916666666667,2326.844026788216,0.4060509863216583,8.899951353669167e-06,2026-02-06T11:33:18.779149
SeasonalNaive,24,24,winter_2022,5,1023.2083333333334,1303.7039381444445,0.23200619072339895,8.699949830770493e-06,2026-02-06T11:33:18.779149
SeasonalNaive,24,24,winter_2022,6,529.5416666666666,624.7529178269865,0.12007031306363469,8.499948307871819e-06,2026-02-06T11:33:18.779149
SeasonalNaive,24,24,winter_2022,7,728.625,867.5960801740251,0.16521123334202376,8.299946784973145e-06,2026-02-06T11:33:18.779149
SeasonalNaive,24,24,winter_2022,8,446.2916666666667,507.84458744777424,0.10119388804977507,8.400063961744308e-06,2026-02-06T11:33:18.779149
SeasonalNaive,24,24,winter_2022,9,1590.0833333333333,1887.4750770981498,0.36054160729675244,9.699957445263863e-06,2026-02-06T11:33:18.779149
SeasonalNaive,24,24,covid_2020,0,978.6666666666666,1063.6891776579598,0.22190664200477234,1.0800082236528397e-05,2026-02-06T11:33:18.779149
SeasonalNaive,24,24,covid_2020,1,1123.1666666666667,1437.5881422252573,0.25467112746426446,9.499955922365189e-06,2026-02-06T11:33:18.779149
SeasonalNaive,24,24,covid_2020,2,1154.4166666666667,1956.255713516683,0.26175687258958713,8.700182661414146e-06,2026-02-06T11:33:18.779149
SeasonalNaive,24,24,covid_2020,3,1044.9583333333333,1264.8061610381253,0.23693786933062352,8.699949830770493e-06,2026-02-06T11:33:18.779149
SeasonalNaive,24,24,covid_2020,4,1358.375,1413.6335422119364,0.3080031691075265,8.800067007541656e-06,2026-02-06T11:33:18.779149
SeasonalNaive,24,24,covid_2020,5,2074.6666666666665,3347.351403224147,0.4704178950400896,8.499948307871819e-06,2026-02-06T11:33:18.779149
SeasonalNaive,24,24,covid_2020,6,2688.1666666666665,3133.9949079941616,0.6095252433404246,8.499948307871819e-06,2026-02-06T11:33:18.779149
SeasonalNaive,24,24,covid_2020,7,1743.9166666666667,1977.7688607788996,0.3954223686336743,8.399831131100655e-06,2026-02-06T11:33:18.779149
SeasonalNaive,24,24,covid_2020,8,2399.2916666666665,3287.8959774198047,0.5440246154019416,8.699949830770493e-06,2026-02-06T11:33:18.779149
SeasonalNaive,24,24,covid_2020,9,2521.875,3063.5697519397204,0.5718196316135408,8.699949830770493e-06,2026-02-06T11:33:18.779149
SeasonalNaive,24,168,summer_2023,0,5439.976190476191,6095.669890722977,1.2334811127532208,4.6800123527646065e-05,2026-02-06T11:33:18.779149
SeasonalNaive,24,168,summer_2023,1,2965.3690476190477,3602.217965894002,0.6723791767663823,4.469999112188816e-05,2026-02-06T11:33:18.779149
SeasonalNaive,24,168,summer_2023,2,3164.940476190476,3802.7152376389463,0.7176307696353001,4.509999416768551e-05,2026-02-06T11:33:18.779149
SeasonalNaive,24,168,summer_2023,3,2844.8809523809523,3428.109620684346,0.6450592428946142,4.400010220706463e-05,2026-02-06T11:33:18.779149
SeasonalNaive,24,168,summer_2023,4,2913.5773809523807,3604.4910619220836,0.6606357351786807,4.3999869376420975e-05,2026-02-06T11:33:18.779149
SeasonalNaive,24,168,summer_2023,5,3154.5119047619046,3822.7298538759296,0.7152661552620495,4.460010677576065e-05,2026-02-06T11:33:18.779149
SeasonalNaive,24,168,summer_2023,6,4195.869047619048,5315.591985354209,0.9513874768210884,4.369998350739479e-05,2026-02-06T11:33:18.779149
SeasonalNaive,24,168,summer_2023,7,6523.726190476191,7449.662318969005,1.4792147536994116,4.3899985030293465e-05,2026-02-06T11:33:18.779149
SeasonalNaive,24,168,summer_2023,8,5797.0952380952385,6322.144856244068,1.3144556583796703,4.400010220706463e-05,2026-02-06T11:33:18.779149
SeasonalNaive,24,168,summer_2023,9,5067.940476190476,5731.31771601477,1.1491243047869504,4.449998959898949e-05,2026-02-06T11:33:18.779149
SeasonalNaive,24,168,winter_2022,0,2424.4523809523807,3002.8695244636224,0.54972965247713,4.549999721348286e-05,2026-02-06T11:33:18.779149
SeasonalNaive,24,168,winter_2022,1,4405.642857142857,5276.854255456875,0.9989523967652068,4.5000109821558e-05,2026-02-06T11:33:18.779149
SeasonalNaive,24,168,winter_2022,2,2514.470238095238,2836.2812392033943,0.5701406474352738,4.460010677576065e-05,2026-02-06T11:33:18.779149
SeasonalNaive,24,168,winter_2022,3,1931.1904761904761,2400.1299865592596,0.43788555208756047,4.419987089931965e-05,2026-02-06T11:33:18.779149
SeasonalNaive,24,168,winter_2022,4,2190.8690476190477,2785.7058244682244,0.4967660695803848,4.440010525286198e-05,2026-02-06T11:33:18.779149
SeasonalNaive,24,168,winter_2022,5,1304.220238095238,1776.3203992282151,0.29572391022177685,4.3999869376420975e-05,2026-02-06T11:33:18.779149
SeasonalNaive,24,168,winter_2022,6,1153.0535714285713,1525.0918258849047,0.2614477991355492,4.359986633062363e-05,2026-02-06T11:33:18.779149
SeasonalNaive,24,168,winter_2022,7,1325.375,1883.399745457792,0.3005206222551858,4.3899985030293465e-05,2026-02-06T11:33:18.779149
SeasonalNaive,24,168,winter_2022,8,1914.1904761904761,2716.0793127840234,0.4340309067393849,4.400010220706463e-05,2026-02-06T11:33:18.779149
SeasonalNaive,24,168,winter_2022,9,2240.2916666666665,3002.340409501196,0.5079723442042998,4.460010677576065e-05,2026-02-06T11:33:18.779149
SeasonalNaive,24,168,covid_2020,0,1769.6011904761904,2167.9848320832084,0.4012461762938204,4.610000178217888e-05,2026-02-06T11:33:18.779149
SeasonalNaive,24,168,covid_2020,1,2232.6369047619046,2779.988573760348,0.5062366740650303,6.260001100599766e-05,2026-02-06T11:33:18.779149
SeasonalNaive,24,168,covid_2020,2,1952.654761904762,2581.5518404172917,0.44275244673935354,4.4899992644786835e-05,2026-02-06T11:33:18.779149
SeasonalNaive,24,168,covid_2020,3,2055.464285714286,2736.9146862845396,0.4660638733687961,4.539988003671169e-05,2026-02-06T11:33:18.779149
SeasonalNaive,24,168,covid_2020,4,2245.0773809523807,3068.3608690339943,0.5090574754577778,4.4800108298659325e-05,2026-02-06T11:33:18.779149
SeasonalNaive,24,168,covid_2020,5,2939.970238095238,3921.0927025693813,0.6666201530616676,4.440010525286198e-05,2026-02-06T11:33:18.779149
SeasonalNaive,24,168,covid_2020,6,3356.1011904761904,4468.151250930353,0.7609752848162026,4.449998959898949e-05,2026-02-06T11:33:18.779149
SeasonalNaive,24,168,covid_2020,7,3816.625,5559.148410824398,0.8653962236459103,4.440010525286198e-05,2026-02-06T11:33:18.779149
SeasonalNaive,24,168,covid_2020,8,4842.184523809524,6267.2507999349855,1.0979355323358813,4.3899985030293465e-05,2026-02-06T11:33:18.779149
SeasonalNaive,24,168,covid_2020,9,3497.0238095238096,4686.52131624503,0.7929286211670625,4.400010220706463e-05,2026-02-06T11:33:18.779149
SeasonalNaive,48,24,summer_2023,0,5283.625,5926.626678952089,1.1980294428090585,1.0600080713629723e-05,2026-02-06T11:33:18.779149
SeasonalNaive,48,24,summer_2023,1,8176.5,8322.714165663347,1.8539710405504302,9.19983722269535e-06,2026-02-06T11:33:18.795043
SeasonalNaive,48,24,summer_2023,2,3933.375,4584.653662855389,0.8918685674341159,1.4899997040629387e-05,2026-02-06T11:33:18.795043
SeasonalNaive,48,24,summer_2023,3,2391.3333333333335,2702.5698880880027,0.5422201123100262,9.999843314290047e-06,2026-02-06T11:33:18.795043
SeasonalNaive,48,24,summer_2023,4,2089.2916666666665,2361.476418472139,0.4737340237587406,8.800067007541656e-06,2026-02-06T11:33:18.795043
SeasonalNaive,48,24,summer_2023,5,2500.125,2759.27711698795,0.5668879530063162,1.900014467537403e-05,2026-02-06T11:33:18.795043
SeasonalNaive,48,24,summer_2023,6,4176.083333333333,4421.703122101257,0.9469011879074554,8.299946784973145e-06,2026-02-06T11:33:18.795043
SeasonalNaive,48,24,summer_2023,7,3065.7083333333335,3372.386315108833,0.6951304921144897,1.0499963536858559e-05,2026-02-06T11:33:18.795043
SeasonalNaive,48,24,summer_2023,8,2795.5,3562.293783505229,0.6338624159308662,8.299946784973145e-06,2026-02-06T11:33:18.795043
SeasonalNaive,48,24,summer_2023,9,3769.9166666666665,4013.5695874537087,0.8548053965985947,8.499948307871819e-06,2026-02-06T11:33:18.795043
SeasonalNaive,48,24,winter_2022,0,4489.875,5229.032403322817,1.0180515166258624,1.019984483718872e-05,2026-02-06T11:33:18.795043
SeasonalNaive,48,24,winter_2022,1,1077.5833333333333,1236.4043971667738,0.2443353872414604,9.400071576237679e-06,2026-02-06T11:33:18.795043
SeasonalNaive,48,24,winter_2022,2,5640.333333333333,6178.588134301665,1.2789108614995752,8.600065484642982e-06,2026-02-06T11:33:18.795043
SeasonalNaive,48,24,winter_2022,3,3337.6666666666665,3586.8967785538516,0.7567953700251313,8.800067007541656e-06,2026-02-06T11:33:18.795043
SeasonalNaive,48,24,winter_2022,4,1341.7916666666667,1661.0587612523927,0.304243000361022,8.600065484642982e-06,2026-02-06T11:33:18.795043
SeasonalNaive,48,24,winter_2022,5,2382.25,2809.2047807164217,0.540160522393599,8.800067007541656e-06,2026-02-06T11:33:18.795043
SeasonalNaive,48,24,winter_2022,6,1310.8333333333333,1587.8259507893174,0.29722338885686894,8.400063961744308e-06,2026-02-06T11:33:18.795043
SeasonalNaive,48,24,winter_2022,7,1087.0,1182.8021108086227,0.24647055843922433,8.300179615616798e-06,2026-02-06T11:33:18.795043
SeasonalNaive,48,24,winter_2022,8,472.0833333333333,631.0835919274086,0.10704198969320805,8.09994526207447e-06,2026-02-06T11:33:18.795043
SeasonalNaive,48,24,winter_2022,9,1872.875,2234.056652146494,0.42466287685083925,8.19982960820198e-06,2026-02-06T11:33:18.795043
SeasonalNaive,48,24,covid_2020,0,2542.9583333333335,2749.5502889866675,0.5766001476580919,1.0399846360087395e-05,2026-02-06T11:33:18.795043
SeasonalNaive,48,24,covid_2020,1,1263.0,1382.198490328602,0.2863774749850417,9.09995287656784e-06,2026-02-06T11:33:18.795043
SeasonalNaive,48,24,covid_2020,2,2017.75,2524.3996150900252,0.45751239125183524,8.699949830770493e-06,2026-02-06T11:33:18.795043
SeasonalNaive,48,24,covid_2020,3,2088.0416666666665,2710.9535607113103,0.4734505939537277,8.500181138515472e-06,2026-02-06T11:33:18.795043
SeasonalNaive,48,24,covid_2020,4,2403.3333333333335,2577.736070663558,0.5449410384381501,8.700182661414146e-06,2026-02-06T11:33:18.795043
SeasonalNaive,48,24,covid_2020,5,2218.7083333333335,2805.269646872947,0.5030784562377437,8.499948307871819e-06,2026-02-06T11:33:18.795043
SeasonalNaive,48,24,covid_2020,6,4061.6666666666665,5275.6407272798,0.9209579130886073,8.499948307871819e-06,2026-02-06T11:33:18.795043
SeasonalNaive,48,24,covid_2020,7,4354.916666666667,4672.251518272534,0.9874505453446355,8.200062438845634e-06,2026-02-06T11:33:18.795043
SeasonalNaive,48,24,covid_2020,8,2186.5416666666665,2935.519623224027,0.49578486258874477,8.499948307871819e-06,2026-02-06T11:33:18.795043
SeasonalNaive,48,24,covid_2020,9,4730.166666666667,5809.431720630398,1.0725361728095102,8.19982960820198e-06,2026-02-06T11:33:18.795043
SeasonalNaive,48,168,summer_2023,0,6027.5,6581.390294936604,1.3666985197722397,4.4599873945117e-05,2026-02-06T11:33:18.795043
SeasonalNaive,48,168,summer_2023,1,5089.988095238095,5778.054448885517,1.154123466681083,4.320009611546993e-05,2026-02-06T11:33:18.795043
SeasonalNaive,48,168,summer_2023,2,3304.464285714286,3855.9033791120364,0.7492669345376932,4.2899977415800095e-05,2026-02-06T11:33:18.795043
SeasonalNaive,48,168,summer_2023,3,2832.2619047619046,3314.8397002110432,0.642197951529722,4.300009459257126e-05,2026-02-06T11:33:18.795043
SeasonalNaive,48,168,summer_2023,4,2918.660714285714,3615.531737386303,0.6617883497190665,4.279986023902893e-05,2026-02-06T11:33:18.795043
SeasonalNaive,48,168,summer_2023,5,3566.8928571428573,4171.535644214536,0.8087709976015459,4.300009459257126e-05,2026-02-06T11:33:18.795043
SeasonalNaive,48,168,summer_2023,6,4043.3214285714284,4943.515332760494,0.9167982432836083,4.20999713242054e-05,2026-02-06T11:33:18.795043
SeasonalNaive,48,168,summer_2023,7,5570.071428571428,6730.9597384028375,1.2629794071263736,4.2499974370002747e-05,2026-02-06T11:33:18.795043
SeasonalNaive,48,168,summer_2023,8,6613.797619047619,7316.465414034423,1.4996378956491987,4.2400090023875237e-05,2026-02-06T11:33:18.795043
SeasonalNaive,48,168,summer_2023,9,5532.380952380952,6038.537329795464,1.2544333236723653,4.200008697807789e-05,2026-02-06T11:33:18.795043
SeasonalNaive,48,168,winter_2022,0,1964.0833333333333,2880.729849237119,0.44534380495661435,4.4899992644786835e-05,2026-02-06T11:33:18.795043
SeasonalNaive,48,168,winter_2022,1,3225.8214285714284,4130.03694062806,0.7314351508051669,4.360009916126728e-05,2026-02-06T11:33:18.795043
SeasonalNaive,48,168,winter_2022,2,3667.1369047619046,4458.46183904697,0.8315007182978429,4.269997589290142e-05,2026-02-06T11:33:18.795043
SeasonalNaive,48,168,winter_2022,3,2162.0714285714284,2545.6105170983847,0.4902363867391826,4.309997893869877e-05,2026-02-06T11:33:18.795043
SeasonalNaive,48,168,winter_2022,4,2040.8095238095239,2563.4931176591276,0.46274099632145427,4.2400090023875237e-05,2026-02-06T11:33:18.795043
SeasonalNaive,48,168,winter_2022,5,1611.327380952381,2178.6820953546776,0.36535856431623376,4.2999861761927605e-05,2026-02-06T11:33:18.795043
SeasonalNaive,48,168,winter_2022,6,1191.7083333333333,1611.822857084192,0.27021252843913884,4.2300205677747726e-05,2026-02-06T11:33:18.795043
SeasonalNaive,48,168,winter_2022,7,1314.220238095238,1859.7273561696386,0.2979913486618801,4.200008697807789e-05,2026-02-06T11:33:18.795043
SeasonalNaive,48,168,winter_2022,8,1852.75,2563.3590917648144,0.4200996569901314,4.269997589290142e-05,2026-02-06T11:33:18.795043
SeasonalNaive,48,168,winter_2022,9,2323.0059523809523,3085.148650620999,0.5267272993017253,4.309997893869877e-05,2026-02-06T11:33:18.795043
SeasonalNaive,48,168,covid_2020,0,1654.6845238095239,2086.100501790704,0.3751895295529672,4.439987242221832e-05,2026-02-06T11:33:18.803312
SeasonalNaive,48,168,covid_2020,1,2091.1726190476193,2603.8454083747533,0.47416051813199817,4.409998655319214e-05,2026-02-06T11:33:18.803312
SeasonalNaive,48,168,covid_2020,2,2136.5119047619046,2700.1438784416127,0.4844409220595377,4.320009611546993e-05,2026-02-06T11:33:18.803312
SeasonalNaive,48,168,covid_2020,3,2000.904761904762,2566.995673100032,0.45369283721285175,4.329998046159744e-05,2026-02-06T11:33:18.803312
SeasonalNaive,48,168,covid_2020,4,2251.2083333333335,3003.998352394767,0.5104476311680792,4.400010220706463e-05,2026-02-06T11:33:18.803312
SeasonalNaive,48,168,covid_2020,5,2722.6369047619046,3607.880258314199,0.61734115763009,4.2800093069672585e-05,2026-02-06T11:33:18.803312
SeasonalNaive,48,168,covid_2020,6,3181.065476190476,4074.548963499197,0.7212870141199667,4.25002072006464e-05,2026-02-06T11:33:18.803312
SeasonalNaive,48,168,covid_2020,7,3475.875,4805.34528700914,0.7881332587993918,4.349998198449612e-05,2026-02-06T11:33:18.803312
SeasonalNaive,48,168,covid_2020,8,4196.803571428572,5811.311454007279,0.9515993743419789,4.5000109821558e-05,2026-02-06T11:33:18.803312
SeasonalNaive,48,168,covid_2020,9,3995.1666666666665,5386.468030652191,0.9058794474619206,4.269997589290142e-05,2026-02-06T11:33:18.803312
SeasonalNaive,96,24,summer_2023,0,5853.916666666667,6487.611623959417,1.3273395675161141,1.1100200936198235e-05,2026-02-06T11:33:18.803312
SeasonalNaive,96,24,summer_2023,1,9650.041666666666,9856.269161892174,2.1880875423598125,9.19983722269535e-06,2026-02-06T11:33:18.803312
SeasonalNaive,96,24,summer_2023,2,6123.416666666667,6652.407302373079,1.388447033476897,8.999835699796677e-06,2026-02-06T11:33:18.803312
SeasonalNaive,96,24,summer_2023,3,5785.166666666667,5834.529429754097,1.311750928240404,8.800067007541656e-06,2026-02-06T11:33:18.803312
SeasonalNaive,96,24,summer_2023,4,3374.0833333333335,3858.4462222506095,0.765052625011174,8.699949830770493e-06,2026-02-06T11:33:18.803312
SeasonalNaive,96,24,summer_2023,5,3896.4583333333335,4316.749669407914,0.8834979405260681,8.499948307871819e-06,2026-02-06T11:33:18.803312
SeasonalNaive,96,24,summer_2023,6,2106.9583333333335,3100.2302401058323,0.4777398316695897,8.499948307871819e-06,2026-02-06T11:33:18.803312
SeasonalNaive,96,24,summer_2023,7,899.8333333333334,1248.0476419859406,0.20403166896862499,8.300179615616798e-06,2026-02-06T11:33:18.803312
SeasonalNaive,96,24,summer_2023,8,3061.9166666666665,3723.5835897694037,0.6942707550392839,8.299946784973145e-06,2026-02-06T11:33:18.803312
SeasonalNaive,96,24,summer_2023,9,2800.4583333333335,5021.183671041454,0.6349866874907508,8.300179615616798e-06,2026-02-06T11:33:18.803312
SeasonalNaive,96,24,winter_2022,0,6123.0,6467.658759808942,1.388352556875226,1.0299962013959885e-05,2026-02-06T11:33:18.803312
SeasonalNaive,96,24,winter_2022,1,2412.7083333333335,2988.419405248645,0.5470667619757469,8.899951353669167e-06,2026-02-06T11:33:18.803312
SeasonalNaive,96,24,winter_2022,2,1492.375,2049.399983328454,0.3383868442049102,8.599832653999329e-06,2026-02-06T11:33:18.803312
SeasonalNaive,96,24,winter_2022,3,2920.3333333333335,3713.7169946923345,0.6621676057914886,8.299946784973145e-06,2026-02-06T11:33:18.803312
SeasonalNaive,96,24,winter_2022,4,4319.208333333333,5106.197741470653,0.9793539005814332,8.200062438845634e-06,2026-02-06T11:33:18.803312
SeasonalNaive,96,24,winter_2022,5,2370.75,2656.0512043257,0.5375529681874803,8.200062438845634e-06,2026-02-06T11:33:18.803312
SeasonalNaive,96,24,winter_2022,6,2256.7083333333335,2761.1713924226674,0.511694722310136,8.600065484642982e-06,2026-02-06T11:33:18.803312
SeasonalNaive,96,24,winter_2022,7,3018.25,3667.4341620993464,0.6843696071841664,8.400063961744308e-06,2026-02-06T11:33:18.803312
SeasonalNaive,96,24,winter_2022,8,1306.75,1701.634581806564,0.29629751816049343,8.200062438845634e-06,2026-02-06T11:33:18.803312
SeasonalNaive,96,24,winter_2022,9,1056.2083333333333,1423.6199311379892,0.23948873757573969,8.400063961744308e-06,2026-02-06T11:33:18.803312
SeasonalNaive,96,24,covid_2020,0,1825.7916666666667,2485.0587937377522,0.41398702086201977,1.009996049106121e-05,2026-02-06T11:33:18.803312
SeasonalNaive,96,24,covid_2020,1,2650.6666666666665,3329.9828703263124,0.6010223491900373,9.19983722269535e-06,2026-02-06T11:33:18.803312
SeasonalNaive,96,24,covid_2020,2,1674.2916666666667,2068.3280183923116,0.37963532849445536,8.800067007541656e-06,2026-02-06T11:33:18.803312
SeasonalNaive,96,24,covid_2020,3,1667.4583333333333,2124.0092494305827,0.37808591222705146,8.499948307871819e-06,2026-02-06T11:33:18.803312
SeasonalNaive,96,24,covid_2020,4,3894.6666666666665,4399.357367843626,0.8830916911388829,8.200062438845634e-06,2026-02-06T11:33:18.803312
SeasonalNaive,96,24,covid_2020,5,2183.1666666666665,2711.9815019034822,0.49501960211520996,8.499948307871819e-06,2026-02-06T11:33:18.803312
SeasonalNaive,96,24,covid_2020,6,2220.75,3390.307397567365,0.5035413915859314,8.400063961744308e-06,2026-02-06T11:33:18.803312
SeasonalNaive,96,24,covid_2020,7,4370.041666666667,4988.566865844338,0.9908800459852917,8.300179615616798e-06,2026-02-06T11:33:18.803312
SeasonalNaive,96,24,covid_2020,8,3516.0416666666665,3828.3687072085067,0.7972408032004732,8.299946784973145e-06,2026-02-06T11:33:18.803312
SeasonalNaive,96,24,covid_2020,9,3018.5,3912.2220135535936,0.6844262931451689,8.400063961744308e-06,2026-02-06T11:33:18.803312
SeasonalNaive,96,168,summer_2023,0,6611.452380952381,7240.2700176562075,1.4991061273483648,4.269997589290142e-05,2026-02-06T11:33:18.803312
SeasonalNaive,96,168,summer_2023,1,5918.1547619047615,6672.483526001537,1.341905160162301,4.1300198063254356e-05,2026-02-06T11:33:18.803312
SeasonalNaive,96,168,summer_2023,2,4876.821428571428,5552.227172174115,1.105789237266215,4.1899969801306725e-05,2026-02-06T11:33:18.803312
SeasonalNaive,96,168,summer_2023,3,4226.476190476191,4795.592399723491,0.9583274580466902,4.109996370971203e-05,2026-02-06T11:33:18.803312
SeasonalNaive,96,168,summer_2023,4,3520.3988095238096,4082.0235987453925,0.7982287585208039,4.100007936358452e-05,2026-02-06T11:33:18.803312
SeasonalNaive,96,168,summer_2023,5,3429.964285714286,4068.542196800084,0.7777232869609891,4.120008088648319e-05,2026-02-06T11:33:18.803312
SeasonalNaive,96,168,summer_2023,6,3855.6428571428573,4755.585623143339,0.8742432825595275,4.0800077840685844e-05,2026-02-06T11:33:18.803312
SeasonalNaive,96,168,summer_2023,7,4874.380952380952,6096.732842854676,1.1052358743135708,4.120008088648319e-05,2026-02-06T11:33:18.803312
SeasonalNaive,96,168,summer_2023,8,5773.416666666667,6713.743039112987,1.3090866880732828,4.069996066391468e-05,2026-02-06T11:33:18.811555
SeasonalNaive,96,168,summer_2023,9,5956.714285714285,6909.781975748653,1.35064829481408,7.720012217760086e-05,2026-02-06T11:33:18.811555
SeasonalNaive,96,168,winter_2022,0,2490.3690476190477,3305.2627263919867,0.5646758508614774,4.2899977415800095e-05,2026-02-06T11:33:18.811555
SeasonalNaive,96,168,winter_2022,1,2334.5476190476193,3083.299162616316,0.5293443011680112,4.1800085455179214e-05,2026-02-06T11:33:18.811555
SeasonalNaive,96,168,winter_2022,2,2562.9940476190477,3422.1870261086938,0.5811431225327273,4.109996370971203e-05,2026-02-06T11:33:18.811555
SeasonalNaive,96,168,winter_2022,3,2809.6309523809523,3531.064051151343,0.6370665223932502,4.0899962186813354e-05,2026-02-06T11:33:18.811555
SeasonalNaive,96,168,winter_2022,4,2511.2738095238096,3234.1103343519226,0.5694158769338837,4.109996370971203e-05,2026-02-06T11:33:18.811555
SeasonalNaive,96,168,winter_2022,5,1855.482142857143,2371.988420181724,0.42071915356394535,4.079984501004219e-05,2026-02-06T11:33:18.811555
SeasonalNaive,96,168,winter_2022,6,1543.922619047619,2102.3079367005885,0.35007494949734724,4.069996066391468e-05,2026-02-06T11:33:18.811555
SeasonalNaive,96,168,winter_2022,7,1364.172619047619,1996.9146454444356,0.30931774353649116,4.060007631778717e-05,2026-02-06T11:33:18.811555
SeasonalNaive,96,168,winter_2022,8,1687.857142857143,2436.4745901756146,0.3827112167117145,4.0400074794888496e-05,2026-02-06T11:33:18.811555
SeasonalNaive,96,168,winter_2022,9,2187.3869047619046,2945.166428517524,0.49597651512356306,4.0400074794888496e-05,2026-02-06T11:33:18.811555
SeasonalNaive,96,168,covid_2020,0,1568.3630952380952,2133.5876908446508,0.35561667701821864,4.260009154677391e-05,2026-02-06T11:33:18.811555
SeasonalNaive,96,168,covid_2020,1,1678.982142857143,2184.4875243515626,0.38069886509612283,4.179985262453556e-05,2026-02-06T11:33:18.811555
SeasonalNaive,96,168,covid_2020,2,1918.6190476190477,2485.010038783977,0.4350350580485735,4.069996066391468e-05,2026-02-06T11:33:18.811555
SeasonalNaive,96,168,covid_2020,3,2038.9166666666667,2607.3720760292617,0.46231180261672045,4.100007936358452e-05,2026-02-06T11:33:18.811555
SeasonalNaive,96,168,covid_2020,4,2131.4940476190477,2830.205981692768,0.4833031538422717,4.079984501004219e-05,2026-02-06T11:33:18.811555
SeasonalNaive,96,168,covid_2020,5,2241.839285714286,3038.9440943086356,0.5083232572962206,4.0999846532940865e-05,2026-02-06T11:33:18.811555
SeasonalNaive,96,168,covid_2020,6,2718.089285714286,3659.8493341679414,0.6163100130061383,4.039984196424484e-05,2026-02-06T11:33:18.811555
SeasonalNaive,96,168,covid_2020,7,3136.565476190476,4033.4313725294446,0.7111969130615071,4.039984196424484e-05,2026-02-06T11:33:18.811555
SeasonalNaive,96,168,covid_2020,8,3035.2083333333335,4250.9709528138,0.6882148048721748,4.0400074794888496e-05,2026-02-06T11:33:18.811555
SeasonalNaive,96,168,covid_2020,9,3379.8690476190477,5055.22708382597,0.7663645001086623,4.0400074794888496e-05,2026-02-06T11:33:18.811555
SeasonalNaive,168,24,summer_2023,0,2671.1666666666665,3314.36913303271,0.605670597992249,1.6600126400589943e-05,2026-02-06T11:33:18.811555
SeasonalNaive,168,24,summer_2023,1,6730.333333333333,6898.95465511503,1.5260616514708305,8.19982960820198e-06,2026-02-06T11:33:18.811555
SeasonalNaive,168,24,summer_2023,2,6010.833333333333,6340.13651272589,1.362919455705401,7.400056347250938e-06,2026-02-06T11:33:18.811555
SeasonalNaive,168,24,summer_2023,3,7383.625,7505.996483368037,1.6741915152307432,7.500173524022102e-06,2026-02-06T11:33:18.811555
SeasonalNaive,168,24,summer_2023,4,4479.5,5268.1058186663895,1.0156990492442552,7.200054824352264e-06,2026-02-06T11:33:18.811555
SeasonalNaive,168,24,summer_2023,5,5607.625,6521.66752385206,1.271494448268404,7.200054824352264e-06,2026-02-06T11:33:18.811555
SeasonalNaive,168,24,summer_2023,6,7182.041666666667,7538.95422400658,1.6284837353423283,7.3998235166072845e-06,2026-02-06T11:33:18.811555
SeasonalNaive,168,24,summer_2023,7,2599.2916666666665,3015.1350646916853,0.5893733842040069,1.4899997040629387e-05,2026-02-06T11:33:18.811555
SeasonalNaive,168,24,summer_2023,8,3466.125,3761.3434601216622,0.785922506320291,7.00005330145359e-06,2026-02-06T11:33:18.811555
SeasonalNaive,168,24,summer_2023,9,3282.1666666666665,3653.1769393228137,0.7442110866825582,7.2999391704797745e-06,2026-02-06T11:33:18.811555
SeasonalNaive,168,24,winter_2022,0,6378.041666666667,7168.196725234783,1.4461816847580262,9.00006853044033e-06,2026-02-06T11:33:18.811555
SeasonalNaive,168,24,winter_2022,1,5273.041666666667,5638.54651409977,1.195629737126616,7.699942216277122e-06,2026-02-06T11:33:18.811555
SeasonalNaive,168,24,winter_2022,2,1357.7916666666667,1607.7547361667657,0.3078709018651872,7.4999406933784485e-06,2026-02-06T11:33:18.811555
SeasonalNaive,168,24,winter_2022,3,1730.3333333333333,1869.425000724376,0.39234243141920067,7.2999391704797745e-06,2026-02-06T11:33:18.811555
SeasonalNaive,168,24,winter_2022,4,2325.8333333333335,2668.8750907451627,0.5273683905273499,7.4999406933784485e-06,2026-02-06T11:33:18.811555
SeasonalNaive,168,24,winter_2022,5,913.875,1204.7204551264165,0.20721553044493665,7.1998219937086105e-06,2026-02-06T11:33:18.811555
SeasonalNaive,168,24,winter_2022,6,2434.4583333333335,3072.9522788896893,0.5519984405829715,7.0999376475811005e-06,2026-02-06T11:33:18.811555
SeasonalNaive,168,24,winter_2022,7,3842.25,4648.383590023525,0.8712065346486749,7.0999376475811005e-06,2026-02-06T11:33:18.811555
SeasonalNaive,168,24,winter_2022,8,2018.4583333333333,2326.5213570908822,0.4576730014746758,7.00005330145359e-06,2026-02-06T11:33:18.811555
SeasonalNaive,168,24,winter_2022,9,1761.9583333333333,1973.8613700899396,0.39951320548602726,7.0999376475811005e-06,2026-02-06T11:33:18.811555
SeasonalNaive,168,24,covid_2020,0,2470.5,2883.335366087915,0.5601706666275102,9.299954399466515e-06,2026-02-06T11:33:18.811555
SeasonalNaive,168,24,covid_2020,1,1480.8333333333333,1746.7107898370964,0.33576984233862434,7.5998250395059586e-06,2026-02-06T11:33:18.811555
SeasonalNaive,168,24,covid_2020,2,1564.5833333333333,1906.8300265099667,0.35475963927448917,7.2999391704797745e-06,2026-02-06T11:33:18.811555
SeasonalNaive,168,24,covid_2020,3,901.0833333333334,1090.1642078145842,0.2043150987736379,7.2999391704797745e-06,2026-02-06T11:33:18.811555
SeasonalNaive,168,24,covid_2020,4,921.75,1126.8030735965654,0.20900113821651795,7.00005330145359e-06,2026-02-06T11:33:18.811555
SeasonalNaive,168,24,covid_2020,5,1140.625,1547.9164894571456,0.2586296970742781,7.00005330145359e-06,2026-02-06T11:33:18.811555
SeasonalNaive,168,24,covid_2020,6,1864.3333333333333,2338.5684723779204,0.4227261065165844,7.00005330145359e-06,2026-02-06T11:33:18.811555
SeasonalNaive,168,24,covid_2020,7,1833.75,2095.4916089866197,0.41579152395393526,7.400056347250938e-06,2026-02-06T11:33:18.811555
SeasonalNaive,168,24,covid_2020,8,1355.2083333333333,1681.413059007215,0.30728514693482717,7.400056347250938e-06,2026-02-06T11:33:18.811555
SeasonalNaive,168,24,covid_2020,9,1473.8333333333333,1918.5886305650133,0.33418263543055204,7.0999376475811005e-06,2026-02-06T11:33:18.811555
SeasonalNaive,168,168,summer_2023,0,5723.589285714285,6349.790202289776,1.2977886361791728,3.829994238913059e-05,2026-02-06T11:33:18.811555
SeasonalNaive,168,168,summer_2023,1,5713.321428571428,6328.448760500927,1.2954604627808526,3.6999816074967384e-05,2026-02-06T11:33:18.811555
SeasonalNaive,168,168,summer_2023,2,5247.005952380952,5938.939002064098,1.1897262991879185,3.660004585981369e-05,2026-02-06T11:33:18.811555
SeasonalNaive,168,168,summer_2023,3,4857.196428571428,5606.696838114561,1.1013393893275123,3.690016455948353e-05,2026-02-06T11:33:18.811555
SeasonalNaive,168,168,summer_2023,4,4647.7797619047615,5353.6098785906,1.0538554493276833,3.6800047382712364e-05,2026-02-06T11:33:18.811555
SeasonalNaive,168,168,summer_2023,5,4642.208333333333,5271.579983065527,1.0525921621967687,3.6499928683042526e-05,2026-02-06T11:33:18.811555
SeasonalNaive,168,168,summer_2023,6,4881.178571428572,5520.735095981331,1.1067771925865457,3.660004585981369e-05,2026-02-06T11:33:18.811555
SeasonalNaive,168,168,summer_2023,7,5243.7202380952385,6049.091103018622,1.188981283700456,3.6700163036584854e-05,2026-02-06T11:33:18.811555
SeasonalNaive,168,168,summer_2023,8,5700.422619047619,6359.149811679306,1.2925357371262671,3.650016151368618e-05,2026-02-06T11:33:18.811555
SeasonalNaive,168,168,summer_2023,9,5457.827380952381,6244.1294958316075,1.2375287603019525,3.66999302059412e-05,2026-02-06T11:33:18.811555
SeasonalNaive,168,168,winter_2022,0,2916.1964285714284,3914.6822082599074,0.6612295881034697,3.8400059565901756e-05,2026-02-06T11:33:18.811555
SeasonalNaive,168,168,winter_2022,1,2553.940476190476,3327.3237476128725,0.5790902809449909,3.71001660823822e-05,2026-02-06T11:33:18.811555
SeasonalNaive,168,168,winter_2022,2,2089.0,2702.3026710919107,0.47366789013757093,3.709993325173855e-05,2026-02-06T11:33:18.811555
SeasonalNaive,168,168,winter_2022,3,2146.7380952380954,2736.742889432097,0.486759647797691,3.720005042850971e-05,2026-02-06T11:33:18.811555
SeasonalNaive,168,168,winter_2022,4,2043.7738095238096,2685.4538877689433,0.46341312985905636,4.639988765120506e-05,2026-02-06T11:33:18.811555
SeasonalNaive,168,168,winter_2022,5,1790.4642857142858,2500.2117553176513,0.4059767547060597,3.700004890561104e-05,2026-02-06T11:33:18.811555
SeasonalNaive,168,168,winter_2022,6,1788.702380952381,2490.8804214192064,0.4055772536475653,3.660004585981369e-05,2026-02-06T11:33:18.811555
SeasonalNaive,168,168,winter_2022,7,1684.3809523809523,2404.0932282255612,0.38192301192063094,3.709993325173855e-05,2026-02-06T11:33:18.811555
SeasonalNaive,168,168,winter_2022,8,1645.4166666666667,2301.803087229868,0.3730880999986572,3.679981455206871e-05,2026-02-06T11:33:18.811555
SeasonalNaive,168,168,winter_2022,9,1856.422619047619,2658.632179425388,0.42093240075057414,3.709993325173855e-05,2026-02-06T11:33:18.811555
SeasonalNaive,168,168,covid_2020,0,1477.672619047619,1902.0182247762382,0.33505316983166317,3.8899946957826614e-05,2026-02-06T11:33:18.811555
SeasonalNaive,168,168,covid_2020,1,1386.7083333333333,1748.516740459372,0.3144275780211524,3.660004585981369e-05,2026-02-06T11:33:18.811555
SeasonalNaive,168,168,covid_2020,2,1368.7619047619048,1739.348270117835,0.31035833582061,3.660004585981369e-05,2026-02-06T11:33:18.811555
SeasonalNaive,168,168,covid_2020,3,1355.797619047619,1741.1945167723493,0.3074187638429047,3.660004585981369e-05,2026-02-06T11:33:18.811555
SeasonalNaive,168,168,covid_2020,4,1506.9404761904761,1964.023612383517,0.3416894762661796,3.6300159990787506e-05,2026-02-06T11:33:18.811555
SeasonalNaive,168,168,covid_2020,5,1679.6607142857142,2176.7431178690967,0.38085272699027267,3.66999302059412e-05,2026-02-06T11:33:18.811555
SeasonalNaive,168,168,covid_2020,6,1996.154761904762,2813.5444579154364,0.4526158039538027,3.6499928683042526e-05,2026-02-06T11:33:18.811555
SeasonalNaive,168,168,covid_2020,7,2244.8809523809523,3160.7302576943766,0.5090129364884186,3.66999302059412e-05,2026-02-06T11:33:18.811555
SeasonalNaive,168,168,covid_2020,8,2168.809523809524,3115.0018115105945,0.491764208354776,3.66999302059412e-05,2026-02-06T11:33:18.811555
SeasonalNaive,168,168,covid_2020,9,2080.875,3067.8109624275216,0.47182559640498706,3.6400044336915016e-05,2026-02-06T11:33:18.811555
SeasonalNaive,336,24,summer_2023,0,2671.1666666666665,3314.36913303271,0.605670597992249,9.399838745594025e-06,2026-02-06T11:33:18.811555
SeasonalNaive,336,24,summer_2023,1,6730.333333333333,6898.95465511503,1.5260616514708305,7.899943739175797e-06,2026-02-06T11:33:18.811555
SeasonalNaive,336,24,summer_2023,2,6010.833333333333,6340.13651272589,1.362919455705401,7.699942216277122e-06,2026-02-06T11:33:18.811555
SeasonalNaive,336,24,summer_2023,3,7383.625,7505.996483368037,1.6741915152307432,7.400056347250938e-06,2026-02-06T11:33:18.811555
SeasonalNaive,336,24,summer_2023,4,4479.5,5268.1058186663895,1.0156990492442552,7.3998235166072845e-06,2026-02-06T11:33:18.811555
SeasonalNaive,336,24,summer_2023,5,5607.625,6521.66752385206,1.271494448268404,7.4999406933784485e-06,2026-02-06T11:33:18.811555
SeasonalNaive,336,24,summer_2023,6,7182.041666666667,7538.95422400658,1.6284837353423283,7.2999391704797745e-06,2026-02-06T11:33:18.811555
SeasonalNaive,336,24,summer_2023,7,2599.2916666666665,3015.1350646916853,0.5893733842040069,7.700175046920776e-06,2026-02-06T11:33:18.811555
SeasonalNaive,336,24,summer_2023,8,3466.125,3761.3434601216622,0.785922506320291,7.300172001123428e-06,2026-02-06T11:33:18.827390
SeasonalNaive,336,24,summer_2023,9,3282.1666666666665,3653.1769393228137,0.7442110866825582,1.4699995517730713e-05,2026-02-06T11:33:18.827390
SeasonalNaive,336,24,winter_2022,0,6378.041666666667,7168.196725234783,1.4461816847580262,1.4200108125805855e-05,2026-02-06T11:33:18.827390
SeasonalNaive,336,24,winter_2022,1,5273.041666666667,5638.54651409977,1.195629737126616,1.3600103557109833e-05,2026-02-06T11:33:18.827390
SeasonalNaive,336,24,winter_2022,2,1357.7916666666667,1607.7547361667657,0.3078709018651872,1.4199875295162201e-05,2026-02-06T11:33:18.827390
SeasonalNaive,336,24,winter_2022,3,1730.3333333333333,1869.425000724376,0.39234243141920067,1.4599878340959549e-05,2026-02-06T11:33:18.827390
SeasonalNaive,336,24,winter_2022,4,2325.8333333333335,2668.8750907451627,0.5273683905273499,1.2700213119387627e-05,2026-02-06T11:33:18.827390
SeasonalNaive,336,24,winter_2022,5,913.875,1204.7204551264165,0.20721553044493665,1.309998333454132e-05,2026-02-06T11:33:18.827390
SeasonalNaive,336,24,winter_2022,6,2434.4583333333335,3072.9522788896893,0.5519984405829715,1.2699980288743973e-05,2026-02-06T11:33:18.827390
SeasonalNaive,336,24,winter_2022,7,3842.25,4648.383590023525,0.8712065346486749,1.2200092896819115e-05,2026-02-06T11:33:18.827390
SeasonalNaive,336,24,winter_2022,8,2018.4583333333333,2326.5213570908822,0.4576730014746758,1.1200085282325745e-05,2026-02-06T11:33:18.827390
SeasonalNaive,336,24,winter_2022,9,1761.9583333333333,1973.8613700899396,0.39951320548602726,1.4599878340959549e-05,2026-02-06T11:33:18.830103
SeasonalNaive,336,24,covid_2020,0,2470.5,2883.335366087915,0.5601706666275102,1.5600118786096573e-05,2026-02-06T11:33:18.830103
SeasonalNaive,336,24,covid_2020,1,1480.8333333333333,1746.7107898370964,0.33576984233862434,8.999835699796677e-06,2026-02-06T11:33:18.830103
SeasonalNaive,336,24,covid_2020,2,1564.5833333333333,1906.8300265099667,0.35475963927448917,8.200062438845634e-06,2026-02-06T11:33:18.830103
SeasonalNaive,336,24,covid_2020,3,901.0833333333334,1090.1642078145842,0.2043150987736379,7.6000578701496124e-06,2026-02-06T11:33:18.830103
SeasonalNaive,336,24,covid_2020,4,921.75,1126.8030735965654,0.20900113821651795,7.699942216277122e-06,2026-02-06T11:33:18.830103
SeasonalNaive,336,24,covid_2020,5,1140.625,1547.9164894571456,0.2586296970742781,7.6000578701496124e-06,2026-02-06T11:33:18.830103
SeasonalNaive,336,24,covid_2020,6,1864.3333333333333,2338.5684723779204,0.4227261065165844,7.300172001123428e-06,2026-02-06T11:33:18.830103
SeasonalNaive,336,24,covid_2020,7,1833.75,2095.4916089866197,0.41579152395393526,7.4999406933784485e-06,2026-02-06T11:33:18.831860
SeasonalNaive,336,24,covid_2020,8,1355.2083333333333,1681.413059007215,0.30728514693482717,7.4999406933784485e-06,2026-02-06T11:33:18.831860
SeasonalNaive,336,24,covid_2020,9,1473.8333333333333,1918.5886305650133,0.33418263543055204,7.400056347250938e-06,2026-02-06T11:33:18.831860
SeasonalNaive,336,168,summer_2023,0,5723.589285714285,6349.790202289776,1.2977886361791728,4.100007936358452e-05,2026-02-06T11:33:18.831860
SeasonalNaive,336,168,summer_2023,1,5713.321428571428,6328.448760500927,1.2954604627808526,3.9499951526522636e-05,2026-02-06T11:33:18.831860
SeasonalNaive,336,168,summer_2023,2,5247.005952380952,5938.939002064098,1.1897262991879185,3.8499943912029266e-05,2026-02-06T11:33:18.831860
SeasonalNaive,336,168,summer_2023,3,4857.196428571428,5606.696838114561,1.1013393893275123,3.96000687032938e-05,2026-02-06T11:33:18.831860
SeasonalNaive,336,168,summer_2023,4,4647.7797619047615,5353.6098785906,1.0538554493276833,3.9800070226192474e-05,2026-02-06T11:33:18.831860
SeasonalNaive,336,168,summer_2023,5,4642.208333333333,5271.579983065527,1.0525921621967687,3.9999838918447495e-05,2026-02-06T11:33:18.831860
SeasonalNaive,336,168,summer_2023,6,4881.178571428572,5520.735095981331,1.1067771925865457,3.850017674267292e-05,2026-02-06T11:33:18.831860
SeasonalNaive,336,168,summer_2023,7,5243.7202380952385,6049.091103018622,1.188981283700456,3.8899946957826614e-05,2026-02-06T11:33:18.831860
SeasonalNaive,336,168,summer_2023,8,5700.422619047619,6359.149811679306,1.2925357371262671,3.929995000362396e-05,2026-02-06T11:33:18.831860
SeasonalNaive,336,168,summer_2023,9,5457.827380952381,6244.1294958316075,1.2375287603019525,3.910018131136894e-05,2026-02-06T11:33:18.831860
SeasonalNaive,336,168,winter_2022,0,2916.1964285714284,3914.6822082599074,0.6612295881034697,3.9700185880064964e-05,2026-02-06T11:33:18.831860
SeasonalNaive,336,168,winter_2022,1,2553.940476190476,3327.3237476128725,0.5790902809449909,3.909994848072529e-05,2026-02-06T11:33:18.831860
SeasonalNaive,336,168,winter_2022,2,2089.0,2702.3026710919107,0.47366789013757093,3.91998328268528e-05,2026-02-06T11:33:18.831860
SeasonalNaive,336,168,winter_2022,3,2146.7380952380954,2736.742889432097,0.486759647797691,3.8400059565901756e-05,2026-02-06T11:33:18.831860
SeasonalNaive,336,168,winter_2022,4,2043.7738095238096,2685.4538877689433,0.46341312985905636,3.8800062611699104e-05,2026-02-06T11:33:18.831860
SeasonalNaive,336,168,winter_2022,5,1790.4642857142858,2500.2117553176513,0.4059767547060597,3.8300175219774246e-05,2026-02-06T11:33:18.831860
SeasonalNaive,336,168,winter_2022,6,1788.702380952381,2490.8804214192064,0.4055772536475653,3.9899954572319984e-05,2026-02-06T11:33:18.831860
SeasonalNaive,336,168,winter_2022,7,1684.3809523809523,2404.0932282255612,0.38192301192063094,3.8800062611699104e-05,2026-02-06T11:33:18.831860
SeasonalNaive,336,168,winter_2022,8,1645.4166666666667,2301.803087229868,0.3730880999986572,4.359986633062363e-05,2026-02-06T11:33:18.831860
SeasonalNaive,336,168,winter_2022,9,1856.422619047619,2658.632179425388,0.42093240075057414,3.8400059565901756e-05,2026-02-06T11:33:18.831860
SeasonalNaive,336,168,covid_2020,0,1477.672619047619,1902.0182247762382,0.33505316983166317,4.0400074794888496e-05,2026-02-06T11:33:18.831860
SeasonalNaive,336,168,covid_2020,1,1386.7083333333333,1748.516740459372,0.3144275780211524,3.9400067180395126e-05,2026-02-06T11:33:18.831860
SeasonalNaive,336,168,covid_2020,2,1368.7619047619048,1739.348270117835,0.31035833582061,3.909994848072529e-05,2026-02-06T11:33:18.831860
SeasonalNaive,336,168,covid_2020,3,1355.797619047619,1741.1945167723493,0.3074187638429047,3.920006565749645e-05,2026-02-06T11:33:18.831860
SeasonalNaive,336,168,covid_2020,4,1506.9404761904761,1964.023612383517,0.3416894762661796,3.8899946957826614e-05,2026-02-06T11:33:18.831860
SeasonalNaive,336,168,covid_2020,5,1679.6607142857142,2176.7431178690967,0.38085272699027267,3.8599828258156776e-05,2026-02-06T11:33:18.831860
SeasonalNaive,336,168,covid_2020,6,1996.154761904762,2813.5444579154364,0.4526158039538027,3.8800062611699104e-05,2026-02-06T11:33:18.831860
SeasonalNaive,336,168,covid_2020,7,2244.8809523809523,3160.7302576943766,0.5090129364884186,3.8499943912029266e-05,2026-02-06T11:33:18.831860
SeasonalNaive,336,168,covid_2020,8,2168.809523809524,3115.0018115105945,0.491764208354776,3.860006108880043e-05,2026-02-06T11:33:18.831860
SeasonalNaive,336,168,covid_2020,9,2080.875,3067.8109624275216,0.47182559640498706,3.9499951526522636e-05,2026-02-06T11:33:18.831860
SeasonalNaive,512,24,summer_2023,0,2671.1666666666665,3314.36913303271,0.605670597992249,9.90019179880619e-06,2026-02-06T11:33:18.831860
SeasonalNaive,512,24,summer_2023,1,6730.333333333333,6898.95465511503,1.5260616514708305,1.2200092896819115e-05,2026-02-06T11:33:18.831860
SeasonalNaive,512,24,summer_2023,2,6010.833333333333,6340.13651272589,1.362919455705401,8.399831131100655e-06,2026-02-06T11:33:18.831860
SeasonalNaive,512,24,summer_2023,3,7383.625,7505.996483368037,1.6741915152307432,8.09994526207447e-06,2026-02-06T11:33:18.831860
SeasonalNaive,512,24,summer_2023,4,4479.5,5268.1058186663895,1.0156990492442552,8.09994526207447e-06,2026-02-06T11:33:18.831860
SeasonalNaive,512,24,summer_2023,5,5607.625,6521.66752385206,1.271494448268404,7.899943739175797e-06,2026-02-06T11:33:18.831860
SeasonalNaive,512,24,summer_2023,6,7182.041666666667,7538.95422400658,1.6284837353423283,7.899943739175797e-06,2026-02-06T11:33:18.831860
SeasonalNaive,512,24,summer_2023,7,2599.2916666666665,3015.1350646916853,0.5893733842040069,7.800059393048286e-06,2026-02-06T11:33:18.831860
SeasonalNaive,512,24,summer_2023,8,3466.125,3761.3434601216622,0.785922506320291,7.699942216277122e-06,2026-02-06T11:33:18.831860
SeasonalNaive,512,24,summer_2023,9,3282.1666666666665,3653.1769393228137,0.7442110866825582,7.800059393048286e-06,2026-02-06T11:33:18.831860
SeasonalNaive,512,24,winter_2022,0,6378.041666666667,7168.196725234783,1.4461816847580262,1.009996049106121e-05,2026-02-06T11:33:18.831860
SeasonalNaive,512,24,winter_2022,1,5273.041666666667,5638.54651409977,1.195629737126616,8.700182661414146e-06,2026-02-06T11:33:18.831860
SeasonalNaive,512,24,winter_2022,2,1357.7916666666667,1607.7547361667657,0.3078709018651872,8.299946784973145e-06,2026-02-06T11:33:18.831860
SeasonalNaive,512,24,winter_2022,3,1730.3333333333333,1869.425000724376,0.39234243141920067,8.300179615616798e-06,2026-02-06T11:33:18.831860
SeasonalNaive,512,24,winter_2022,4,2325.8333333333335,2668.8750907451627,0.5273683905273499,8.00006091594696e-06,2026-02-06T11:33:18.831860
SeasonalNaive,512,24,winter_2022,5,913.875,1204.7204551264165,0.20721553044493665,8.09994526207447e-06,2026-02-06T11:33:18.831860
SeasonalNaive,512,24,winter_2022,6,2434.4583333333335,3072.9522788896893,0.5519984405829715,8.09994526207447e-06,2026-02-06T11:33:18.831860
SeasonalNaive,512,24,winter_2022,7,3842.25,4648.383590023525,0.8712065346486749,8.09994526207447e-06,2026-02-06T11:33:18.831860
SeasonalNaive,512,24,winter_2022,8,2018.4583333333333,2326.5213570908822,0.4576730014746758,7.999828085303307e-06,2026-02-06T11:33:18.831860
SeasonalNaive,512,24,winter_2022,9,1761.9583333333333,1973.8613700899396,0.39951320548602726,7.800059393048286e-06,2026-02-06T11:33:18.831860
SeasonalNaive,512,24,covid_2020,0,2470.5,2883.335366087915,0.5601706666275102,1.1500203981995583e-05,2026-02-06T11:33:18.831860
SeasonalNaive,512,24,covid_2020,1,1480.8333333333333,1746.7107898370964,0.33576984233862434,8.999835699796677e-06,2026-02-06T11:33:18.831860
SeasonalNaive,512,24,covid_2020,2,1564.5833333333333,1906.8300265099667,0.35475963927448917,8.19982960820198e-06,2026-02-06T11:33:18.831860
SeasonalNaive,512,24,covid_2020,3,901.0833333333334,1090.1642078145842,0.2043150987736379,0.00011310004629194736,2026-02-06T11:33:18.831860
SeasonalNaive,512,24,covid_2020,4,921.75,1126.8030735965654,0.20900113821651795,6.400002166628838e-05,2026-02-06T11:33:18.843167
SeasonalNaive,512,24,covid_2020,5,1140.625,1547.9164894571456,0.2586296970742781,1.0299962013959885e-05,2026-02-06T11:33:18.843167
SeasonalNaive,512,24,covid_2020,6,1864.3333333333333,2338.5684723779204,0.4227261065165844,8.499948307871819e-06,2026-02-06T11:33:18.843167
SeasonalNaive,512,24,covid_2020,7,1833.75,2095.4916089866197,0.41579152395393526,8.299946784973145e-06,2026-02-06T11:33:18.843167
SeasonalNaive,512,24,covid_2020,8,1355.2083333333333,1681.413059007215,0.30728514693482717,8.09994526207447e-06,2026-02-06T11:33:18.843167
SeasonalNaive,512,24,covid_2020,9,1473.8333333333333,1918.5886305650133,0.33418263543055204,8.00006091594696e-06,2026-02-06T11:33:18.843167
SeasonalNaive,512,168,summer_2023,0,5723.589285714285,6349.790202289776,1.2977886361791728,4.3800100684165955e-05,2026-02-06T11:33:18.843167
SeasonalNaive,512,168,summer_2023,1,5713.321428571428,6328.448760500927,1.2954604627808526,4.1800085455179214e-05,2026-02-06T11:33:18.843167
SeasonalNaive,512,168,summer_2023,2,5247.005952380952,5938.939002064098,1.1897262991879185,4.179985262453556e-05,2026-02-06T11:33:18.843167
SeasonalNaive,512,168,summer_2023,3,4857.196428571428,5606.696838114561,1.1013393893275123,4.139984957873821e-05,2026-02-06T11:33:18.843167
SeasonalNaive,512,168,summer_2023,4,4647.7797619047615,5353.6098785906,1.0538554493276833,4.569999873638153e-05,2026-02-06T11:33:18.843167
SeasonalNaive,512,168,summer_2023,5,4642.208333333333,5271.579983065527,1.0525921621967687,4.259985871613026e-05,2026-02-06T11:33:18.843167
SeasonalNaive,512,168,summer_2023,6,4881.178571428572,5520.735095981331,1.1067771925865457,4.200008697807789e-05,2026-02-06T11:33:18.843167
SeasonalNaive,512,168,summer_2023,7,5243.7202380952385,6049.091103018622,1.188981283700456,4.1499966755509377e-05,2026-02-06T11:33:18.843167
SeasonalNaive,512,168,summer_2023,8,5700.422619047619,6359.149811679306,1.2925357371262671,4.120008088648319e-05,2026-02-06T11:33:18.843167
SeasonalNaive,512,168,summer_2023,9,5457.827380952381,6244.1294958316075,1.2375287603019525,4.109996370971203e-05,2026-02-06T11:33:18.843167
SeasonalNaive,512,168,winter_2022,0,2916.1964285714284,3914.6822082599074,0.6612295881034697,4.349998198449612e-05,2026-02-06T11:33:18.843167
SeasonalNaive,512,168,winter_2022,1,2553.940476190476,3327.3237476128725,0.5790902809449909,4.210020415484905e-05,2026-02-06T11:33:18.843167
SeasonalNaive,512,168,winter_2022,2,2089.0,2702.3026710919107,0.47366789013757093,4.1499966755509377e-05,2026-02-06T11:33:18.843167
SeasonalNaive,512,168,winter_2022,3,2146.7380952380954,2736.742889432097,0.486759647797691,4.12999652326107e-05,2026-02-06T11:33:18.843167
SeasonalNaive,512,168,winter_2022,4,2043.7738095238096,2685.4538877689433,0.46341312985905636,4.1400082409381866e-05,2026-02-06T11:33:18.843167
SeasonalNaive,512,168,winter_2022,5,1790.4642857142858,2500.2117553176513,0.4059767547060597,4.120008088648319e-05,2026-02-06T11:33:18.843167
SeasonalNaive,512,168,winter_2022,6,1788.702380952381,2490.8804214192064,0.4055772536475653,4.109996370971203e-05,2026-02-06T11:33:18.843167
SeasonalNaive,512,168,winter_2022,7,1684.3809523809523,2404.0932282255612,0.38192301192063094,4.1499966755509377e-05,2026-02-06T11:33:18.843167
SeasonalNaive,512,168,winter_2022,8,1645.4166666666667,2301.803087229868,0.3730880999986572,4.069996066391468e-05,2026-02-06T11:33:18.843167
SeasonalNaive,512,168,winter_2022,9,1856.422619047619,2658.632179425388,0.42093240075057414,4.169996827840805e-05,2026-02-06T11:33:18.843167
SeasonalNaive,512,168,covid_2020,0,1477.672619047619,1902.0182247762382,0.33505316983166317,4.369998350739479e-05,2026-02-06T11:33:18.843167
SeasonalNaive,512,168,covid_2020,1,1386.7083333333333,1748.516740459372,0.3144275780211524,4.1499966755509377e-05,2026-02-06T11:33:18.843167
SeasonalNaive,512,168,covid_2020,2,1368.7619047619048,1739.348270117835,0.31035833582061,4.109996370971203e-05,2026-02-06T11:33:18.843167
SeasonalNaive,512,168,covid_2020,3,1355.797619047619,1741.1945167723493,0.3074187638429047,4.109996370971203e-05,2026-02-06T11:33:18.843167
SeasonalNaive,512,168,covid_2020,4,1506.9404761904761,1964.023612383517,0.3416894762661796,4.529999569058418e-05,2026-02-06T11:33:18.843167
SeasonalNaive,512,168,covid_2020,5,1679.6607142857142,2176.7431178690967,0.38085272699027267,4.069996066391468e-05,2026-02-06T11:33:18.843167
SeasonalNaive,512,168,covid_2020,6,1996.154761904762,2813.5444579154364,0.4526158039538027,4.0800077840685844e-05,2026-02-06T11:33:18.843167
SeasonalNaive,512,168,covid_2020,7,2244.8809523809523,3160.7302576943766,0.5090129364884186,4.119984805583954e-05,2026-02-06T11:33:18.843167
SeasonalNaive,512,168,covid_2020,8,2168.809523809524,3115.0018115105945,0.491764208354776,4.060007631778717e-05,2026-02-06T11:33:18.843167
SeasonalNaive,512,168,covid_2020,9,2080.875,3067.8109624275216,0.47182559640498706,4.0999846532940865e-05,2026-02-06T11:33:18.843167
SeasonalNaive,1024,24,summer_2023,0,2671.1666666666665,3314.36913303271,0.605670597992249,1.0600080713629723e-05,2026-02-06T11:33:18.843167
SeasonalNaive,1024,24,summer_2023,1,6730.333333333333,6898.95465511503,1.5260616514708305,8.799834176898003e-06,2026-02-06T11:33:18.843167
SeasonalNaive,1024,24,summer_2023,2,6010.833333333333,6340.13651272589,1.362919455705401,8.09994526207447e-06,2026-02-06T11:33:18.843167
SeasonalNaive,1024,24,summer_2023,3,7383.625,7505.996483368037,1.6741915152307432,8.09994526207447e-06,2026-02-06T11:33:18.843167
SeasonalNaive,1024,24,summer_2023,4,4479.5,5268.1058186663895,1.0156990492442552,8.09994526207447e-06,2026-02-06T11:33:18.843167
SeasonalNaive,1024,24,summer_2023,5,5607.625,6521.66752385206,1.271494448268404,7.899943739175797e-06,2026-02-06T11:33:18.843167
SeasonalNaive,1024,24,summer_2023,6,7182.041666666667,7538.95422400658,1.6284837353423283,8.09994526207447e-06,2026-02-06T11:33:18.843167
SeasonalNaive,1024,24,summer_2023,7,2599.2916666666665,3015.1350646916853,0.5893733842040069,8.200062438845634e-06,2026-02-06T11:33:18.843167
SeasonalNaive,1024,24,summer_2023,8,3466.125,3761.3434601216622,0.785922506320291,7.899943739175797e-06,2026-02-06T11:33:18.843167
SeasonalNaive,1024,24,summer_2023,9,3282.1666666666665,3653.1769393228137,0.7442110866825582,7.90017656981945e-06,2026-02-06T11:33:18.843167
SeasonalNaive,1024,24,winter_2022,0,6378.041666666667,7168.196725234783,1.4461816847580262,9.899958968162537e-06,2026-02-06T11:33:18.843167
SeasonalNaive,1024,24,winter_2022,1,5273.041666666667,5638.54651409977,1.195629737126616,8.499948307871819e-06,2026-02-06T11:33:18.843167
SeasonalNaive,1024,24,winter_2022,2,1357.7916666666667,1607.7547361667657,0.3078709018651872,8.200062438845634e-06,2026-02-06T11:33:18.843167
SeasonalNaive,1024,24,winter_2022,3,1730.3333333333333,1869.425000724376,0.39234243141920067,8.200062438845634e-06,2026-02-06T11:33:18.843167
SeasonalNaive,1024,24,winter_2022,4,2325.8333333333335,2668.8750907451627,0.5273683905273499,8.09994526207447e-06,2026-02-06T11:33:18.843167
SeasonalNaive,1024,24,winter_2022,5,913.875,1204.7204551264165,0.20721553044493665,8.00006091594696e-06,2026-02-06T11:33:18.843167
SeasonalNaive,1024,24,winter_2022,6,2434.4583333333335,3072.9522788896893,0.5519984405829715,8.100178092718124e-06,2026-02-06T11:33:18.843167
SeasonalNaive,1024,24,winter_2022,7,3842.25,4648.383590023525,0.8712065346486749,7.90017656981945e-06,2026-02-06T11:33:18.843167
SeasonalNaive,1024,24,winter_2022,8,2018.4583333333333,2326.5213570908822,0.4576730014746758,8.00006091594696e-06,2026-02-06T11:33:18.843167
SeasonalNaive,1024,24,winter_2022,9,1761.9583333333333,1973.8613700899396,0.39951320548602726,7.899943739175797e-06,2026-02-06T11:33:18.843167
SeasonalNaive,1024,24,covid_2020,0,2470.5,2883.335366087915,0.5601706666275102,9.699957445263863e-06,2026-02-06T11:33:18.843167
SeasonalNaive,1024,24,covid_2020,1,1480.8333333333333,1746.7107898370964,0.33576984233862434,8.600065484642982e-06,2026-02-06T11:33:18.843167
SeasonalNaive,1024,24,covid_2020,2,1564.5833333333333,1906.8300265099667,0.35475963927448917,8.09994526207447e-06,2026-02-06T11:33:18.843167
SeasonalNaive,1024,24,covid_2020,3,901.0833333333334,1090.1642078145842,0.2043150987736379,8.00006091594696e-06,2026-02-06T11:33:18.843167
SeasonalNaive,1024,24,covid_2020,4,921.75,1126.8030735965654,0.20900113821651795,7.90017656981945e-06,2026-02-06T11:33:18.843167
SeasonalNaive,1024,24,covid_2020,5,1140.625,1547.9164894571456,0.2586296970742781,8.200062438845634e-06,2026-02-06T11:33:18.843167
SeasonalNaive,1024,24,covid_2020,6,1864.3333333333333,2338.5684723779204,0.4227261065165844,1.7799902707338333e-05,2026-02-06T11:33:18.854544
SeasonalNaive,1024,24,covid_2020,7,1833.75,2095.4916089866197,0.41579152395393526,9.200070053339005e-06,2026-02-06T11:33:18.854544
SeasonalNaive,1024,24,covid_2020,8,1355.2083333333333,1681.413059007215,0.30728514693482717,8.00006091594696e-06,2026-02-06T11:33:18.854544
SeasonalNaive,1024,24,covid_2020,9,1473.8333333333333,1918.5886305650133,0.33418263543055204,1.1399853974580765e-05,2026-02-06T11:33:18.854544
SeasonalNaive,1024,168,summer_2023,0,5723.589285714285,6349.790202289776,1.2977886361791728,9.12998802959919e-05,2026-02-06T11:33:18.855634
SeasonalNaive,1024,168,summer_2023,1,5713.321428571428,6328.448760500927,1.2954604627808526,4.2300205677747726e-05,2026-02-06T11:33:18.856176
SeasonalNaive,1024,168,summer_2023,2,5247.005952380952,5938.939002064098,1.1897262991879185,4.1800085455179214e-05,2026-02-06T11:33:18.856176
SeasonalNaive,1024,168,summer_2023,3,4857.196428571428,5606.696838114561,1.1013393893275123,5.530007183551788e-05,2026-02-06T11:33:18.856176
SeasonalNaive,1024,168,summer_2023,4,4647.7797619047615,5353.6098785906,1.0538554493276833,4.119984805583954e-05,2026-02-06T11:33:18.856176
SeasonalNaive,1024,168,summer_2023,5,4642.208333333333,5271.579983065527,1.0525921621967687,4.029995761811733e-05,2026-02-06T11:33:18.856176
SeasonalNaive,1024,168,summer_2023,6,4881.178571428572,5520.735095981331,1.1067771925865457,4.0800077840685844e-05,2026-02-06T11:33:18.856176
SeasonalNaive,1024,168,summer_2023,7,5243.7202380952385,6049.091103018622,1.188981283700456,4.0499959141016006e-05,2026-02-06T11:33:18.856176
SeasonalNaive,1024,168,summer_2023,8,5700.422619047619,6359.149811679306,1.2925357371262671,4.119984805583954e-05,2026-02-06T11:33:18.856176
SeasonalNaive,1024,168,summer_2023,9,5457.827380952381,6244.1294958316075,1.2375287603019525,4.139984957873821e-05,2026-02-06T11:33:18.856176
SeasonalNaive,1024,168,winter_2022,0,2916.1964285714284,3914.6822082599074,0.6612295881034697,4.2899977415800095e-05,2026-02-06T11:33:18.856176
SeasonalNaive,1024,168,winter_2022,1,2553.940476190476,3327.3237476128725,0.5790902809449909,4.2800093069672585e-05,2026-02-06T11:33:18.856176
SeasonalNaive,1024,168,winter_2022,2,2089.0,2702.3026710919107,0.47366789013757093,4.169996827840805e-05,2026-02-06T11:33:18.856176
SeasonalNaive,1024,168,winter_2022,3,2146.7380952380954,2736.742889432097,0.486759647797691,4.069996066391468e-05,2026-02-06T11:33:18.856176
SeasonalNaive,1024,168,winter_2022,4,2043.7738095238096,2685.4538877689433,0.46341312985905636,4.1400082409381866e-05,2026-02-06T11:33:18.856176
SeasonalNaive,1024,168,winter_2022,5,1790.4642857142858,2500.2117553176513,0.4059767547060597,4.139984957873821e-05,2026-02-06T11:33:18.856176
SeasonalNaive,1024,168,winter_2022,6,1788.702380952381,2490.8804214192064,0.4055772536475653,4.1400082409381866e-05,2026-02-06T11:33:18.856176
SeasonalNaive,1024,168,winter_2022,7,1684.3809523809523,2404.0932282255612,0.38192301192063094,4.0800077840685844e-05,2026-02-06T11:33:18.856176
SeasonalNaive,1024,168,winter_2022,8,1645.4166666666667,2301.803087229868,0.3730880999986572,4.200008697807789e-05,2026-02-06T11:33:18.856176
SeasonalNaive,1024,168,winter_2022,9,1856.422619047619,2658.632179425388,0.42093240075057414,4.1300198063254356e-05,2026-02-06T11:33:18.859232
SeasonalNaive,2048,24,winter_2022,0,6378.041666666667,7168.196725234783,1.4461816847580262,1.1399853974580765e-05,2026-02-06T11:33:18.861245
SeasonalNaive,2048,24,winter_2022,1,5273.041666666667,5638.54651409977,1.195629737126616,8.899951353669167e-06,2026-02-06T11:33:18.861245
SeasonalNaive,2048,24,winter_2022,2,1357.7916666666667,1607.7547361667657,0.3078709018651872,8.500181138515472e-06,2026-02-06T11:33:18.861245
SeasonalNaive,2048,24,winter_2022,3,1730.3333333333333,1869.425000724376,0.39234243141920067,8.299946784973145e-06,2026-02-06T11:33:18.861245
SeasonalNaive,2048,24,winter_2022,4,2325.8333333333335,2668.8750907451627,0.5273683905273499,8.499948307871819e-06,2026-02-06T11:33:18.861245
SeasonalNaive,2048,24,winter_2022,5,913.875,1204.7204551264165,0.20721553044493665,8.09994526207447e-06,2026-02-06T11:33:18.861245
SeasonalNaive,2048,24,winter_2022,6,2434.4583333333335,3072.9522788896893,0.5519984405829715,8.09994526207447e-06,2026-02-06T11:33:18.861245
SeasonalNaive,2048,24,winter_2022,7,3842.25,4648.383590023525,0.8712065346486749,8.00006091594696e-06,2026-02-06T11:33:18.861245
SeasonalNaive,2048,24,winter_2022,8,2018.4583333333333,2326.5213570908822,0.4576730014746758,8.00006091594696e-06,2026-02-06T11:33:18.861245
SeasonalNaive,2048,24,winter_2022,9,1761.9583333333333,1973.8613700899396,0.39951320548602726,7.800059393048286e-06,2026-02-06T11:33:18.861245
